month,expected_net,revenue,cash,ar_days,bill_lag_days,idr,denial_writeoff,bad_debt,underpayment_leak,charge_leak,labor_cost,ot_cost,total_cost,one_time_cost,scenario_run_cost,pxi,cxi,fte_total,total_touches,auto_touches,denied_claims,appealed_claims,payer_pressure
1,838080000.0000,838080000.0000,838080000.0000,49.7610,7.0000,0.1150,19748098.0800,16593984.0000,3771360.0000,6285600.0000,13436250.0000,0.0000,22790416.6667,0.0000,0.0000,56.8121,69.6850,2510.0000,3092038.0740,554077.0254,108780.0000,10475.5140,0.0000
2,838080000.0000,838080000.0000,838080000.0000,49.7610,7.0000,0.1150,19748098.0800,16593984.0000,3771360.0000,6285600.0000,13507630.9524,0.0000,24766559.5238,1900000.0000,4761.9048,58.2400,68.2199,2524.1429,3075188.3597,543614.9968,108780.0000,10475.5140,0.0000
3,838080000.0000,838425708.0000,839829935.3115,49.6895,7.0000,0.1150,19748098.0800,16248276.0000,3771360.0000,6285600.0000,13529250.0000,0.0000,23292940.4762,400000.0000,9523.8095,59.6635,66.5064,2528.2857,3058338.6454,533152.9683,108780.0000,10475.5140,0.0000
4,838080000.0000,838867178.3731,843003420.4523,49.5132,7.0000,0.1131,19652335.7069,15902568.0000,3771360.0000,6285600.0000,13550869.0476,0.0000,24430988.0952,1500000.0000,25952.3810,61.0828,65.2577,2532.4286,3038567.8836,530051.1785,106978.6032,10436.7013,0.0000
5,838080000.0000,839544777.7862,844829813.4576,49.2816,7.0000,0.1102,19320444.2938,15556860.0000,3771360.0000,6285600.0000,13572488.0952,0.0000,26795424.6032,3800000.0000,68769.8413,62.9320,64.3853,2536.5714,3011346.9462,547660.4729,104225.3814,10264.6331,0.0000
6,838080000.0000,840725155.3594,851025310.3697,48.8395,6.8000,0.1071,18485774.7206,15211152.0000,3771360.0000,6285600.0000,13583440.4762,0.0000,27885305.5556,4800000.0000,147698.4127,64.7775,65.4810,2538.7143,2983817.7988,598188.9968,101290.8596,10074.4349,0.0000
7,838080000.0000,841906014.8285,856300307.9871,48.2506,6.4833,0.1034,17650623.2515,14865444.0000,3771360.0000,6285600.0000,13594392.8571,9569.3476,24997255.8556,1800000.0000,239126.9841,66.6195,67.7783,2540.8571,2955455.9115,663044.0091,97837.8198,9881.1256,0.0000
8,838080000.0000,843064385.8176,857539584.2183,47.6616,6.1667,0.0998,16837960.2624,14519736.0000,3771360.0000,6285600.0000,13605345.2381,27009.4798,24225410.2734,900000.0000,338888.8889,68.4582,70.1491,2543.0000,2908553.2243,728439.9084,94384.7800,9687.8163,0.0000
9,838080000.0000,843758797.9536,854111081.4900,47.2489,5.8500,0.0980,16143548.1264,14519736.0000,3771360.0000,6285600.0000,13555583.3333,27009.4798,24568356.7020,1200000.0000,431597.2222,69.7334,72.5444,2533.0000,2881421.2989,806696.1590,92733.1370,9533.3197,0.0000
10,838080000.0000,844554515.3376,855354710.8437,46.8151,5.5333,0.0959,15347830.7424,14519736.0000,3771360.0000,6285600.0000,13523250.0000,27009.4798,23730583.5538,300000.0000,526157.4074,71.0086,74.9874,2527.0000,2853647.0880,883827.9565,90718.8940,9316.6976,0.0000
11,838080000.0000,845152227.0096,854740208.8589,46.4367,5.2167,0.0948,14750119.0704,14519736.0000,3771360.0000,6285600.0000,13454319.4444,27009.4798,23429824.2946,0.0000,594328.7037,71.8499,77.7036,2513.9167,2833323.0526,942476.6174,89656.4760,9233.3310,0.0000
12,838080000.0000,845319659.0976,855573551.5262,46.0582,4.9000,0.0937,14582686.9824,14519736.0000,3771360.0000,6285600.0000,13347159.7222,27009.4798,23376946.9798,0.0000,648611.1111,72.6912,81.7521,2493.9583,2812999.0172,994321.3613,88594.0580,9149.9644,0.0000
13,838080000.0000,845172078.1501,845750643.1106,46.0454,4.7000,0.0942,14730267.9299,14519736.0000,3771360.0000,6285600.0000,13217611.1111,27009.4798,23280847.4427,0.0000,682060.1852,73.5325,82.0616,2469.3750,2816186.0295,1029188.4018,89113.2811,9247.2198,0.0917
14,838080000.0000,845025643.0443,836156387.0272,46.3729,4.5000,0.0947,14876703.0357,14519736.0000,3771360.0000,6285600.0000,13057312.5000,27009.4798,23153997.9057,0.0000,715509.2593,74.3738,84.0035,2440.2917,2823014.7838,1066062.2732,89616.9929,9341.5018,0.2167
15,838080000.0000,844856396.4096,830133187.4389,46.9127,4.5000,0.0954,15045949.6704,14519736.0000,3771360.0000,6285600.0000,12879513.8889,27009.4798,22987426.1464,0.0000,726736.1111,75.2151,83.9508,2407.4583,2830123.9568,1075961.6251,90286.4935,9450.9406,0.3417
16,838080000.0000,844688570.4757,829931741.3861,47.4538,4.5000,0.0961,15213775.6043,14519736.0000,3771360.0000,6285600.0000,12718937.5000,27009.4798,22838076.6094,0.0000,737962.9630,76.0564,85.5644,2377.9583,2837205.3386,1085849.5647,90940.4829,9557.4060,0.4667
17,838080000.0000,844522302.6723,829733858.0415,47.9962,4.5000,0.0968,15380043.4077,14519736.0000,3771360.0000,6285600.0000,12558361.1111,27009.4798,22679352.0724,0.0000,739814.8148,76.0564,85.4628,2348.4583,2844258.9291,1089692.4018,91578.9611,9660.8980,0.5917
18,838080000.0000,844263446.4288,829595724.4727,48.5397,4.5000,0.0975,15544615.6512,14519736.0000,3865644.0000,6285600.0000,12397784.7222,27009.4798,22520627.5353,0.0000,741666.6667,76.0564,87.0306,2318.9583,2851441.1663,1093523.8266,92201.9280,9761.4168,0.7417
19,838080000.0000,844150368.4848,834716605.2938,48.8864,4.5000,0.0976,15563409.5952,14519736.0000,3959928.0000,6285600.0000,12258041.6667,27009.4798,22380884.4798,0.0000,741666.6667,76.0564,87.0087,2293.6250,2857710.6829,1096975.3396,92307.9885,9776.2653,0.8250
20,838080000.0000,844037290.5408,844016808.4884,48.8937,4.5000,0.0977,15582203.5392,14519736.0000,4054212.0000,6285600.0000,12156527.7778,27009.4798,22279370.5909,0.0000,741666.6667,76.0564,87.0166,2275.1667,2860310.6662,1098408.6092,92414.0490,9791.1138,0.8750
21,838080000.0000,843943006.5408,844094448.5303,48.8937,4.5000,0.0977,15582203.5392,14519736.0000,4148496.0000,6285600.0000,12071680.5556,27009.4798,22194523.3687,0.0000,741666.6667,76.0564,87.0183,2259.8333,2860467.1042,1098408.6092,92414.0490,9791.1138,0.9000
22,838080000.0000,843848722.5408,844000164.5303,48.8937,4.5000,0.0977,15582203.5392,14519736.0000,4242780.0000,6285600.0000,11986833.3333,27009.4798,22109676.1464,0.0000,741666.6667,76.0564,87.0201,2244.5000,2860623.5422,1098408.6092,92414.0490,9791.1138,0.9250
23,838080000.0000,843754438.5408,843905880.5303,48.8937,4.5000,0.0977,15582203.5392,14519736.0000,4337064.0000,6285600.0000,11956083.3333,28694.3474,22080611.0141,0.0000,741666.6667,76.0564,87.0219,2240.0000,2860779.9802,1098408.6092,92414.0490,9791.1138,0.9500
24,838080000.0000,843660154.5408,843811596.5303,48.8937,4.5000,0.0977,15582203.5392,14519736.0000,4431348.0000,6285600.0000,11956083.3333,31927.0980,22083843.7646,0.0000,741666.6667,76.0564,87.0237,2240.0000,2860936.4182,1098408.6092,92414.0490,9791.1138,0.9750
25,838080000.0000,843565870.5408,843717312.5303,48.8937,4.5000,0.0977,15582203.5392,14519736.0000,4525632.0000,6285600.0000,11956083.3333,35159.8486,22087076.5152,0.0000,741666.6667,76.0564,87.0255,2240.0000,2861092.8562,1098408.6092,92414.0490,9791.1138,1.0000
26,838080000.0000,843565870.5408,843565870.5408,48.8937,4.5000,0.0977,15582203.5392,14519736.0000,4525632.0000,6285600.0000,11956083.3333,35159.8486,22087076.5152,0.0000,741666.6667,76.0564,87.0255,2240.0000,2861092.8562,1098408.6092,92414.0490,9791.1138,1.0000
27,838080000.0000,843565870.5408,843565870.5408,48.8937,4.5000,0.0977,15582203.5392,14519736.0000,4525632.0000,6285600.0000,11956083.3333,35159.8486,22087076.5152,0.0000,741666.6667,76.0564,87.0255,2240.0000,2861092.8562,1098408.6092,92414.0490,9791.1138,1.0000
28,838080000.0000,843565870.5408,843565870.5408,48.8937,4.5000,0.0977,15582203.5392,14519736.0000,4525632.0000,6285600.0000,11956083.3333,35159.8486,22087076.5152,0.0000,741666.6667,76.0564,87.0255,2240.0000,2861092.8562,1098408.6092,92414.0490,9791.1138,1.0000
29,838080000.0000,843565870.5408,843565870.5408,48.8937,4.5000,0.0977,15582203.5392,14519736.0000,4525632.0000,6285600.0000,11956083.3333,35159.8486,22087076.5152,0.0000,741666.6667,76.0564,87.0255,2240.0000,2861092.8562,1098408.6092,92414.0490,9791.1138,1.0000
30,838080000.0000,843565870.5408,843565870.5408,48.8937,4.5000,0.0977,15582203.5392,14519736.0000,4525632.0000,6285600.0000,11956083.3333,35159.8486,22087076.5152,0.0000,741666.6667,76.0564,87.0255,2240.0000,2861092.8562,1098408.6092,92414.0490,9791.1138,1.0000
31,838080000.0000,843565870.5408,843565870.5408,48.8937,4.5000,0.0977,15582203.5392,14519736.0000,4525632.0000,6285600.0000,11956083.3333,35159.8486,22087076.5152,0.0000,741666.6667,76.0564,87.0255,2240.0000,2861092.8562,1098408.6092,92414.0490,9791.1138,1.0000
32,838080000.0000,843565870.5408,843565870.5408,48.8937,4.5000,0.0977,15582203.5392,14519736.0000,4525632.0000,6285600.0000,11956083.3333,35159.8486,22087076.5152,0.0000,741666.6667,76.0564,87.0255,2240.0000,2861092.8562,1098408.6092,92414.0490,9791.1138,1.0000
33,838080000.0000,843565870.5408,843565870.5408,48.8937,4.5000,0.0977,15582203.5392,14519736.0000,4525632.0000,6285600.0000,11956083.3333,35159.8486,22087076.5152,0.0000,741666.6667,76.0564,87.0255,2240.0000,2861092.8562,1098408.6092,92414.0490,9791.1138,1.0000
34,838080000.0000,843565870.5408,843565870.5408,48.8937,4.5000,0.0977,15582203.5392,14519736.0000,4525632.0000,6285600.0000,11956083.3333,35159.8486,22087076.5152,0.0000,741666.6667,76.0564,87.0255,2240.0000,2861092.8562,1098408.6092,92414.0490,9791.1138,1.0000
35,838080000.0000,843565870.5408,843565870.5408,48.8937,4.5000,0.0977,15582203.5392,14519736.0000,4525632.0000,6285600.0000,11956083.3333,35159.8486,22087076.5152,0.0000,741666.6667,76.0564,87.0255,2240.0000,2861092.8562,1098408.6092,92414.0490,9791.1138,1.0000
36,838080000.0000,843565870.5408,843565870.5408,48.8937,4.5000,0.0977,15582203.5392,14519736.0000,4525632.0000,6285600.0000,11956083.3333,35159.8486,22087076.5152,0.0000,741666.6667,76.0564,87.0255,2240.0000,2861092.8562,1098408.6092,92414.0490,9791.1138,1.0000
